"['西山', '南亚']",怡康温泉新村,109,11947,"['3室2厅1卫', '高楼层 (共6层)', '91.24㎡', '平层', '板楼', '东 西', '混合结构', '其他', '一梯两户']"
"['呈贡', '呈贡']",航空艺术港,330,10000,"['5室3厅4卫', '低楼层 (共4层)', '330㎡', '南', '未知结构', '其他', '联排']"
"['官渡', '新亚洲']",万科魅力之城,130,12779,"['3室2厅2卫', '高楼层 (共33层)', '101.73㎡', '暂无数据', '塔楼', '东', '钢混结构', '精装', '四梯十户', '有']"
"['西山', '红星']",阳光花园·旭苑,136,14469,"['3室2厅2卫', '中楼层 (共7层)', '94㎡', '平层', '板楼', '东南', '砖混结构', '其他', '一梯两户']"
"['呈贡', '呈贡']",七彩云南第壹城,187,12990,"['3室2厅2卫', '高楼层 (共34层)', '143.96㎡', '暂无数据', '117.72㎡', '板楼', '东南', '钢混结构', '毛坯', '两梯四户', '有']"
"['五华', '高新']",春城慧谷,148,10350,"['3室2厅2卫', '高楼层 (共34层)', '143㎡', '暂无数据', '塔楼', '南 西', '钢混结构', '其他', '两梯七户', '有']"
"['西山', '大商汇']",金枫苑,302,14951,"['5室3厅3卫', '高楼层 (共11层)', '202㎡', '暂无数据', '板楼', '南 北', '钢混结构', '其他', '一梯两户', '有']"
"['西山', '南亚']",阳光花园·昊苑,229,20125,"['3室2厅2卫', '中楼层 (共5层)', '113.79㎡', '暂无数据', '板楼', '南 北', '框架结构', '精装', '一梯两户']"
"['盘龙', '昆明湖公园']",融城昆明湖,184,14046,"['4室2厅2卫', '低楼层 (共32层)', '131㎡', '暂无数据', '暂无数据', '西北', '未知结构', '其他', '一梯三户']"
"['官渡', '世纪城']",世纪城探春苑,351,10234,"['6室2厅3卫', '高楼层 (共18层)', '343㎡', '暂无数据', '板楼', '南 北', '钢混结构', '其他', '一梯两户', '有']"
"['西山', '白马']",大观路236号,50,12457,"['1室1厅1卫', '中楼层 (共7层)', '40.14㎡', '暂无数据', '板楼', '西南', '框架结构', '其他', '一梯三户']"
"['盘龙', '世博']",远洋青云府,90,12114,"['2室2厅1卫', '高楼层 (共25层)', '74.3㎡', '暂无数据', '板塔结合', '南', '框架结构', '其他', '三梯十户', '有']"
"['五华', '黑林铺']",银盛苑,95,12989,"['3室1厅1卫', '高楼层 (共6层)', '73.14㎡', '暂无数据', '板楼', '南', '混合结构', '其他', '一梯两户']"
"['官渡', '巫家坝']",中交金地中央公园,580,25612,"['4室2厅3卫', '中楼层 (共23层)', '226.46㎡', '暂无数据', '暂无数据', '东南', '未知结构', '其他', '一梯两户']"
"['盘龙', '北辰']",金实小区茂实园,81,11161,"['2室2厅1卫', '高楼层 (共6层)', '72.58㎡', '平层', '板楼', '南', '框架结构', '简装', '一梯两户']"
"['官渡', '新亚洲']",新亚洲体育城星体花园南区,85,9406,"['3室2厅1卫', '中楼层 (共17层)', '90.37㎡', '暂无数据', '板楼', '东南', '钢混结构', '其他', '三梯二十四户', '有']"
"['官渡', '空港']",长水航城,70,6364,"['3室2厅2卫', '高楼层 (共12层)', '110㎡', '暂无数据', '板塔结合', '东南', '钢混结构', '简装', '一梯六户']"
"['西山', '南亚']",金坤尚城祥和里,145,16773,"['2室2厅1卫', '高楼层 (共34层)', '86.45㎡', '暂无数据', '塔楼', '西南', '钢混结构', '其他', '三梯八户', '有']"
"['西山', '南亚']",润城,136,15350,"['2室2厅1卫', '高楼层 (共30层)', '88.6㎡', '暂无数据', '塔楼', '南', '钢混结构', '简装', '三梯八户', '有']"
"['安宁', '太平新城']",昆明恒大金碧天下,50,6411,"['2室2厅1卫', '低楼层 (共32层)', '78㎡', '暂无数据', '塔楼', '北', '钢混结构', '其他', '两梯六户', '有']"
"['官渡', '新螺蛳湾']",俊发观云海云悠苑,160,12251,"['4室2厅2卫', '高楼层 (共30层)', '130.61㎡', '平层', '板楼', '南 北', '钢混结构', '其他', '三梯四户', '有']"
"['盘龙', '世博']",云锡花园三期,136.3,12505,"['3室2厅2卫', '低楼层 (共7层)', '109㎡', '暂无数据', '暂无数据', '南', '未知结构', '其他', '一梯两户']"
"['盘龙', '昆明湖公园']",昆明铣床厂,50,9677,"['2室2厅1卫', '高楼层 (共6层)', '51.67㎡', '暂无数据', '板楼', '南 北', '砖混结构', '简装', '一梯两户']"
"['西山', '书林']",高地村61号,90,14517,"['2室2厅1卫', '中楼层 (共6层)', '62㎡', '暂无数据', '板楼', '东 西', '混合结构', '简装', '一梯两户']"
"['五华', '北教场']",万彩城,67,16114,"['1室1厅1卫', '高楼层 (共33层)', '41.58㎡', '复式', '塔楼', '南', '钢混结构', '其他', '十梯三十户', '有', '商水', '商电']"
"['安宁', '太平新城']",昆明恒大金碧天下,88,6985,"['3室2厅2卫', '高楼层 (共33层)', '126㎡', '暂无数据', '板楼', '南 北', '钢混结构', '其他', '两梯四户', '有']"
"['西山', '南亚']",昆明恒大云报华府,13.5,6137,"['地下室 (共1层)', '22㎡', '南']"
"['官渡', '滇池半岛']",万科500里,360,25175,"['4室2厅2卫', '高楼层 (共27层)', '143㎡', '平层', '板楼', '南 北', '钢混结构', '其他', '两梯四户', '有']"
"['官渡', '世纪城']",海伦国际菲诺区,119,12143,"['2室2厅2卫', '低楼层 (共40层)', '98㎡', '暂无数据', '塔楼', '东南', '钢混结构', '毛坯', '三梯六户', '有']"
"['官渡', '滇池半岛']",万科翡翠滨江,28,7369,"['1室1厅1卫', '低楼层 (共18层)', '38㎡', '暂无数据', '暂无数据', '北', '未知结构', '其他', '一梯三十七户']"
"['西山', '南亚']",怡康温泉新村,109,11947,"['3室2厅1卫', '高楼层 (共6层)', '91.24㎡', '平层', '板楼', '东 西', '混合结构', '其他', '一梯两户']"
"['呈贡', '呈贡']",航空艺术港,330,10000,"['5室3厅4卫', '低楼层 (共4层)', '330㎡', '南', '未知结构', '其他', '联排']"
"['官渡', '新亚洲']",万科魅力之城,130,12779,"['3室2厅2卫', '高楼层 (共33层)', '101.73㎡', '暂无数据', '塔楼', '东', '钢混结构', '精装', '四梯十户', '有']"
"['西山', '红星']",阳光花园·旭苑,136,14469,"['3室2厅2卫', '中楼层 (共7层)', '94㎡', '平层', '板楼', '东南', '砖混结构', '其他', '一梯两户']"
"['呈贡', '呈贡']",七彩云南第壹城,187,12990,"['3室2厅2卫', '高楼层 (共34层)', '143.96㎡', '暂无数据', '117.72㎡', '板楼', '东南', '钢混结构', '毛坯', '两梯四户', '有']"
"['五华', '高新']",春城慧谷,148,10350,"['3室2厅2卫', '高楼层 (共34层)', '143㎡', '暂无数据', '塔楼', '南 西', '钢混结构', '其他', '两梯七户', '有']"
"['西山', '大商汇']",金枫苑,302,14951,"['5室3厅3卫', '高楼层 (共11层)', '202㎡', '暂无数据', '板楼', '南 北', '钢混结构', '其他', '一梯两户', '有']"
"['西山', '南亚']",阳光花园·昊苑,229,20125,"['3室2厅2卫', '中楼层 (共5层)', '113.79㎡', '暂无数据', '板楼', '南 北', '框架结构', '精装', '一梯两户']"
"['盘龙', '昆明湖公园']",融城昆明湖,184,14046,"['4室2厅2卫', '低楼层 (共32层)', '131㎡', '暂无数据', '暂无数据', '西北', '未知结构', '其他', '一梯三户']"
"['官渡', '世纪城']",世纪城探春苑,351,10234,"['6室2厅3卫', '高楼层 (共18层)', '343㎡', '暂无数据', '板楼', '南 北', '钢混结构', '其他', '一梯两户', '有']"
"['西山', '白马']",大观路236号,50,12457,"['1室1厅1卫', '中楼层 (共7层)', '40.14㎡', '暂无数据', '板楼', '西南', '框架结构', '其他', '一梯三户']"
"['盘龙', '世博']",远洋青云府,90,12114,"['2室2厅1卫', '高楼层 (共25层)', '74.3㎡', '暂无数据', '板塔结合', '南', '框架结构', '其他', '三梯十户', '有']"
"['五华', '黑林铺']",银盛苑,95,12989,"['3室1厅1卫', '高楼层 (共6层)', '73.14㎡', '暂无数据', '板楼', '南', '混合结构', '其他', '一梯两户']"
"['官渡', '巫家坝']",中交金地中央公园,580,25612,"['4室2厅3卫', '中楼层 (共23层)', '226.46㎡', '暂无数据', '暂无数据', '东南', '未知结构', '其他', '一梯两户']"
"['盘龙', '北辰']",金实小区茂实园,81,11161,"['2室2厅1卫', '高楼层 (共6层)', '72.58㎡', '平层', '板楼', '南', '框架结构', '简装', '一梯两户']"
"['官渡', '新亚洲']",新亚洲体育城星体花园南区,85,9406,"['3室2厅1卫', '中楼层 (共17层)', '90.37㎡', '暂无数据', '板楼', '东南', '钢混结构', '其他', '三梯二十四户', '有']"
"['官渡', '空港']",长水航城,70,6364,"['3室2厅2卫', '高楼层 (共12层)', '110㎡', '暂无数据', '板塔结合', '东南', '钢混结构', '简装', '一梯六户']"
"['西山', '南亚']",金坤尚城祥和里,145,16773,"['2室2厅1卫', '高楼层 (共34层)', '86.45㎡', '暂无数据', '塔楼', '西南', '钢混结构', '其他', '三梯八户', '有']"
"['西山', '南亚']",润城,136,15350,"['2室2厅1卫', '高楼层 (共30层)', '88.6㎡', '暂无数据', '塔楼', '南', '钢混结构', '简装', '三梯八户', '有']"
"['安宁', '太平新城']",昆明恒大金碧天下,50,6411,"['2室2厅1卫', '低楼层 (共32层)', '78㎡', '暂无数据', '塔楼', '北', '钢混结构', '其他', '两梯六户', '有']"
"['官渡', '新螺蛳湾']",俊发观云海云悠苑,160,12251,"['4室2厅2卫', '高楼层 (共30层)', '130.61㎡', '平层', '板楼', '南 北', '钢混结构', '其他', '三梯四户', '有']"
"['盘龙', '世博']",云锡花园三期,136.3,12505,"['3室2厅2卫', '低楼层 (共7层)', '109㎡', '暂无数据', '暂无数据', '南', '未知结构', '其他', '一梯两户']"
"['盘龙', '昆明湖公园']",昆明铣床厂,50,9677,"['2室2厅1卫', '高楼层 (共6层)', '51.67㎡', '暂无数据', '板楼', '南 北', '砖混结构', '简装', '一梯两户']"
"['西山', '书林']",高地村61号,90,14517,"['2室2厅1卫', '中楼层 (共6层)', '62㎡', '暂无数据', '板楼', '东 西', '混合结构', '简装', '一梯两户']"
"['五华', '北教场']",万彩城,67,16114,"['1室1厅1卫', '高楼层 (共33层)', '41.58㎡', '复式', '塔楼', '南', '钢混结构', '其他', '十梯三十户', '有', '商水', '商电']"
"['安宁', '太平新城']",昆明恒大金碧天下,88,6985,"['3室2厅2卫', '高楼层 (共33层)', '126㎡', '暂无数据', '板楼', '南 北', '钢混结构', '其他', '两梯四户', '有']"
"['西山', '南亚']",昆明恒大云报华府,13.5,6137,"['地下室 (共1层)', '22㎡', '南']"
"['官渡', '滇池半岛']",万科500里,360,25175,"['4室2厅2卫', '高楼层 (共27层)', '143㎡', '平层', '板楼', '南 北', '钢混结构', '其他', '两梯四户', '有']"
"['官渡', '世纪城']",海伦国际菲诺区,119,12143,"['2室2厅2卫', '低楼层 (共40层)', '98㎡', '暂无数据', '塔楼', '东南', '钢混结构', '毛坯', '三梯六户', '有']"
"['官渡', '滇池半岛']",万科翡翠滨江,28,7369,"['1室1厅1卫', '低楼层 (共18层)', '38㎡', '暂无数据', '暂无数据', '北', '未知结构', '其他', '一梯三十七户']"
"['安宁', '安宁老城']",金色理想,78,8679,"['3室1厅1卫', '低楼层 (共29层)', '89.88㎡', '平层', '塔楼', '东南 南', '钢混结构', '毛坯', '三梯五户', '有']"
"['西山', '西山万达']",佳馨园,150,12697,"['3室2厅2卫', '高楼层 (共7层)', '118.14㎡', '暂无数据', '板楼', '东南', '框架结构', '其他', '一梯两户']"
"['盘龙', '世博']",云南映象城市公园广场,162,13729,"['3室2厅2卫', '高楼层 (共30层)', '118㎡', '暂无数据', '板楼', '东南', '钢混结构', '精装', '两梯两户', '有']"
"['盘龙', '昆明湖公园']",融城昆明湖,105,11852,"['2室2厅1卫', '低楼层 (共32层)', '88.6㎡', '暂无数据', '暂无数据', '东南', '未知结构', '毛坯', '一梯三户']"
"['官渡', '世纪城']",海伦国际米兰区,133,13712,"['3室1厅1卫', '中楼层 (共40层)', '97㎡', '平层', '塔楼', '东南', '钢混结构', '精装', '三梯八户', '有']"
"['官渡', '金马']",金马悦城,91,11480,"['2室2厅1卫', '中楼层 (共45层)', '79.27㎡', '暂无数据', '塔楼', '东南 南', '钢混结构', '其他', '三梯十户', '有']"
"['西山', '书林']",安康苑小区,190,12171,"['4室2厅2卫', '中楼层 (共6层)', '156.12㎡', '平层', '板楼', '东 西', '钢混结构', '其他', '一梯两户']"
"['西山', '度假区']",滇池卫城锦尚,280,31461,"['5室2厅2卫', '低楼层 (共6层)', '89㎡', '暂无数据', '板楼', '东南', '钢混结构', '其他', '一梯两户']"
"['官渡', '吴井']",合金公寓,64,10697,"['2室1厅1卫', '高楼层 (共22层)', '59.83㎡', '平层', '塔楼', '南', '钢混结构', '其他', '三梯十六户', '有']"
"['五华', '虹山']",百年明日城市,141,14243,"['3室1厅1卫', '中楼层 (共6层)', '99㎡', '平层', '板楼', '南 北', '钢混结构', '其他', '一梯两户']"
"['盘龙', '昆明湖公园']",融城昆明湖,175,14270,"['3室2厅2卫', '中楼层 (共32层)', '122.64㎡', '暂无数据', '暂无数据', '东南', '未知结构', '毛坯', '一梯三户']"
"['盘龙', '世博']",云南映象城市公园广场,165,13984,"['3室1厅2卫', '低楼层 (共30层)', '118㎡', '平层', '板楼', '东南', '钢混结构', '精装', '两梯两户', '有']"
"['官渡', '新亚洲']",万科魅力之城,170,13179,"['4室2厅2卫', '低楼层 (共34层)', '129㎡', '暂无数据', '塔楼', '南', '钢混结构', '其他', '两梯七户', '有']"
"['西山', '书林']",金帝富士商住楼,120,19030,"['3室2厅2卫', '中楼层 (共22层)', '63.06㎡', '暂无数据', '暂无数据', '东南', '未知结构', '其他', '一梯十五户']"
"['官渡', '新亚洲']",居安园,68,9916,"['2室2厅1卫', '高楼层 (共17层)', '68.58㎡', '暂无数据', '暂无数据', '南', '钢混结构', '其他', '一梯五户']"
"['西山', '大商汇']",新希望观澜汇,220,15385,"['4室2厅2卫', '低楼层 (共30层)', '143㎡', '暂无数据', '板楼', '东南 南', '钢混结构', '其他', '一梯四户']"
"['官渡', '昆明站']",福发路31号,67,12118,"['2室2厅1卫', '中楼层 (共6层)', '55.29㎡', '暂无数据', '暂无数据', '东 西', '砖混结构', '其他', '一梯两户']"
"['安宁', '太平新城']",花样年德商好未来,36,4557,"['2室2厅1卫', '中楼层 (共11层)', '79㎡', '暂无数据', '暂无数据', '东南', '未知结构', '其他', '一梯三户']"
"['盘龙', '世博']",云南映象城市公园广场,140,16868,"['2室2厅1卫', '中楼层 (共25层)', '83㎡', '暂无数据', '板楼', '南', '钢混结构', '其他', '三梯八户', '有']"
"['盘龙', '世博']",俊发盛唐城,106,13087,"['2室2厅1卫', '高楼层 (共44层)', '81㎡', '暂无数据', '81㎡', '塔楼', '东南', '钢混结构', '毛坯', '三梯九户', '有']"
"['官渡', '滇池半岛']",滇池俊府,450,34587,"['4室2厅3卫', '低楼层 (共8层)', '130.11㎡', '暂无数据', '板楼', '东南', '钢混结构', '毛坯', '四梯两户', '有']"
"['呈贡', '经开区']",建工新城锦绣园,155,10723,"['4室2厅2卫', '中楼层 (共11层)', '144.55㎡', '平层', '板楼', '东南', '框架结构', '其他', '一梯四户', '有']"
"['官渡', '吴井']",广合苑,136,10226,"['3室2厅2卫', '高楼层 (共8层)', '133㎡', '暂无数据', '板楼', '南 北', '框架结构', '其他', '一梯两户']"
"['五华', '泛亚']",中晟溪城,100,11771,"['2室2厅1卫', '中楼层 (共18层)', '84.96㎡', '暂无数据', '板塔结合', '南', '钢混结构', '其他', '两梯八户', '有']"
"['盘龙', '世博']",印象·首日封,650,17334,"['6室3厅4卫', '低楼层 (共3层)', '375㎡', '南 北', '钢混结构', '其他', '双拼']"
"['西山', '西苑']",兰亭上锦,145,16293,"['3室2厅1卫', '高楼层 (共34层)', '89㎡', '暂无数据', '塔楼', '东南', '钢混结构', '精装', '两梯六户', '有']"
"['官渡', '滇池半岛']",昆明恒大云玺,1100,41354,"['8室3厅4卫', '低楼层 (共1层)', '266㎡', '东南 南 西南', '砖混结构', '其他', '联排']"
"['西山', '大商汇']",蓝光COCO蜜城,130,19697,"['3室2厅1卫', '高楼层 (共27层)', '66㎡', '暂无数据', '塔楼', '西北', '钢混结构', '精装', '两梯六户', '有']"
"['西山', '西山万达']",润城五区,360,20176,"['5室2厅3卫', '高楼层 (共26层)', '178.43㎡', '暂无数据', '板塔结合', '东南', '钢混结构', '精装', '三梯两户', '有']"
"['官渡', '新亚洲']",新亚洲体育城水晶堡,128,15610,"['3室2厅1卫', '高楼层 (共6层)', '82㎡', '暂无数据', '板楼', '南 北', '钢混结构', '精装', '一梯两户']"
"['官渡', '滇池半岛']",滇池俊府,320,25363,"['4室2厅3卫', '高楼层 (共8层)', '126.17㎡', '暂无数据', '板楼', '东南', '钢混结构', '毛坯', '两梯两户', '有']"
"['盘龙', '东白沙河']",中海云麓九里,245,18570,"['5室2厅3卫', '中楼层 (共4层)', '131.94㎡', '112.28㎡', '南', '未知结构', '毛坯', '叠拼']"
"['官渡', '空港']",长水航城,50,5185,"['3室2厅1卫', '高楼层 (共9层)', '96.44㎡', '暂无数据', '80.26㎡', '板塔结合', '西', '钢混结构', '简装', '一梯六户']"
"['盘龙', '世博']",油漆厂家属院,82,11233,"['3室2厅1卫', '中楼层 (共7层)', '73㎡', '暂无数据', '暂无数据', '南 北', '混合结构', '简装', '一梯两户']"
"['五华', '高新']",西城时代,38,7716,"['1室0厅1卫', '中楼层 (共38层)', '49.25㎡', '暂无数据', '塔楼', '西', '钢混结构', '其他', '六梯二十四户', '有', '商水', '商电']"
"['五华', '高新']",西城时代,70,16687,"['1室0厅1卫', '高楼层 (共29层)', '41.95㎡', '平层', '塔楼', '南', '钢混结构', '其他', '四梯十三户', '有']"
"['盘龙', '北部客运站']",中建龙熙壹号,139,12087,"['3室1厅2卫', '高楼层 (共11层)', '115㎡', '平层', '板楼', '南 北', '钢混结构', '毛坯', '一梯两户']"
"['呈贡', '经开区']",保利阳光城翡丽公园,110,11225,"['3室2厅2卫', '中楼层 (共25层)', '98㎡', '暂无数据', '板楼', '西南', '砖混结构', '其他', '两梯六户', '有']"
"['盘龙', '昆明湖公园']",融城昆明湖,138,11405,"['3室2厅2卫', '中楼层 (共33层)', '121㎡', '暂无数据', '板塔结合', '东南', '钢混结构', '精装', '三梯八户', '有']"
"['西山', '棕树营']",保利六合,165,21376,"['2室2厅1卫', '低楼层 (共34层)', '77.19㎡', '暂无数据', '塔楼', '北', '钢混结构', '其他', '两梯八户', '有']"
"['呈贡', '呈贡']",金茂国际新城,90,10113,"['3室2厅1卫', '中楼层 (共28层)', '89㎡', '暂无数据', '板塔结合', '东南', '钢混结构', '其他', '一梯四户']"
"['盘龙', '新迎']",新迎小区南组团,70,12069,"['2室1厅1卫', '高楼层 (共7层)', '58㎡', '平层', '暂无数据', '东南', '未知结构', '其他', '一梯四户']"
"['呈贡', '经开区']",建工新城锦绣园,180,12588,"['4室2厅2卫', '中楼层 (共11层)', '143㎡', '暂无数据', '板楼', '南', '钢混结构', '其他', '一梯两户', '有']"
"['西山', '西山万达']",润城五区,210,17949,"['3室2厅2卫', '高楼层 (共33层)', '117㎡', '暂无数据', '板塔结合', '东 东南 南', '钢混结构', '其他', '三梯五户', '有']"
"['五华', '红云']",中海锦苑,102,13600,"['2室1厅1卫', '中楼层 (共44层)', '75㎡', '平层', '塔楼', '南 北', '钢混结构', '精装', '两梯六户', '有']"
"['盘龙', '世博']",印象·首日封,170,13878,"['3室2厅2卫', '低楼层 (共9层)', '122.5㎡', '暂无数据', '板楼', '南 北', '钢混结构', '简装', '一梯两户', '有']"
"['盘龙', '世博']",云南映象花好月圆,126,14072,"['3室2厅1卫', '高楼层 (共18层)', '89.54㎡', '暂无数据', '塔楼', '东南', '钢混结构', '精装', '一梯三户', '有']"
"['官渡', '昆明站']",福德苑小区,68,11201,"['2室1厅1卫', '高楼层 (共7层)', '60.71㎡', '暂无数据', '暂无数据', '南 北', '未知结构', '精装', '一梯三户']"
"['呈贡', '呈贡']",涌鑫昆明之窗,36,9231,"['1室1厅1卫', '高楼层 (共31层)', '39㎡', '暂无数据', '塔楼', '南', '钢混结构', '其他', '六梯五十二户', '有', '商水', '商电']"
"['安宁', '安宁老城']",盛世锦院,74,6916,"['3室2厅2卫', '低楼层 (共18层)', '107㎡', '暂无数据', '暂无数据', '西南', '未知结构', '简装', '一梯六户']"
"['官渡', '金马']",金马悦城,192,12973,"['4室2厅2卫', '高楼层 (共32层)', '148㎡', '暂无数据', '塔楼', '南', '钢混结构', '其他', '三梯十户', '有']"
"['五华', '丰宁']",熙城,45,10000,"['1室1厅1卫', '中楼层 (共29层)', '45㎡', '暂无数据', '塔楼', '北', '钢混结构', '其他', '四梯二十二户', '有']"
"['官渡', '世纪城']",世纪城忆春苑,175,11621,"['3室2厅2卫', '低楼层 (共19层)', '150.59㎡', '暂无数据', '板楼', '东', '钢混结构', '其他', '两梯两户', '有']"
"['盘龙', '昙华寺']",朝九晚五,65,11905,"['1室1厅1卫', '中楼层 (共32层)', '54.6㎡', '暂无数据', '板楼', '西', '钢混结构', '其他', '三梯十四户', '有']"
"['五华', '二环北']",羊仙坡十四冶家属区,69,10299,"['2室1厅1卫', '高楼层 (共6层)', '67㎡', '暂无数据', '板楼', '南 北', '钢混结构', '其他', '一梯两户']"
"['盘龙', '世博']",禧瑞都,104,9943,"['2室2厅1卫', '中楼层 (共33层)', '104.6㎡', '暂无数据', '板楼', '西北 北', '钢混结构', '其他', '三梯十二户', '有']"
"['呈贡', '呈贡']",惠兰园,170,11425,"['3室2厅2卫', '中楼层 (共11层)', '148.8㎡', '暂无数据', '板楼', '东 西', '框架结构', '其他', '两梯两户', '有']"
"['五华', '泛亚']",融创海豚湾,63,9131,"['3室2厅1卫', '低楼层 (共22层)', '69㎡', '暂无数据', '板塔结合', '南', '钢混结构', '其他', '八梯二十户', '有']"
"['盘龙', '昆明湖公园']",融城昆明湖,132,12337,"['3室2厅2卫', '中楼层 (共33层)', '107㎡', '暂无数据', '暂无数据', '西', '未知结构', '毛坯', '一梯三户']"
"['官渡', '巫家坝']",万科中天翡翠,235,20435,"['3室2厅2卫', '低楼层 (共29层)', '115㎡', '平层', '板楼', '西南', '钢混结构', '其他', '两梯四户', '有']"
"['盘龙', '新迎']",小龙路社区,56.8,12001,"['1室2厅1卫', '高楼层 (共7层)', '47.33㎡', '平层', '板楼', '东南', '砖混结构', '简装', '一梯三户']"
"['西山', '西苑']",秋苑二期,123,12552,"['3室2厅1卫', '中楼层 (共7层)', '98㎡', '平层', '暂无数据', '东 西', '未知结构', '其他', '一梯两户']"
"['五华', '高新']",金泰国际一期,169,14372,"['3室1厅2卫', '中楼层 (共41层)', '117.59㎡', '平层', '塔楼', '东', '钢混结构', '其他', '三梯九户', '有']"
"['呈贡', '经开区']",金山小区二期,88,9671,"['3室2厅1卫', '低楼层 (共22层)', '91㎡', '平层', '塔楼', '东南 南', '框架结构', '其他', '三梯六户', '有']"
"['五华', '黑林铺']",假日城市,168,13549,"['3室2厅1卫', '低楼层 (共29层)', '124㎡', '平层', '板楼', '南', '钢混结构', '简装', '两梯三户', '有']"
"['西山', '大商汇']",光辉城市,60,15385,"['1室1厅1卫', '低楼层 (共15层)', '39㎡', '平层', '板塔结合', '南', '钢混结构', '精装', '两梯八户', '有']"
"['五华', '黑林铺']",假日城市,183,13556,"['3室2厅2卫', '中楼层 (共34层)', '135㎡', '平层', '板塔结合', '东', '钢混结构', '其他', '两梯三户', '有']"
"['官渡', '巫家坝']",怡园小区,86,13055,"['3室2厅1卫', '中楼层 (共7层)', '65.88㎡', '平层', '暂无数据', '东南', '混合结构', '精装', '一梯两户']"
"['官渡', '新亚洲']",万科魅力之城,115,12787,"['3室1厅1卫', '低楼层 (共25层)', '89.94㎡', '平层', '71.38㎡', '塔楼', '东', '钢混结构', '精装', '四梯十户', '有']"
"['官渡', '吴井']",石井小区,68.8,14639,"['2室2厅1卫', '低楼层 (共6层)', '47㎡', '平层', '暂无数据', '南', '未知结构', '其他', '一梯三户']"
"['西山', '大商汇']",华都花园B区,145,15935,"['3室2厅1卫', '高楼层 (共15层)', '91㎡', '平层', '板楼', '南 北', '框架结构', '精装', '一梯两户', '有']"
"['官渡', '昆明站']",永平路130号,66,14667,"['2室2厅1卫', '高楼层 (共6层)', '45㎡', '平层', '板塔结合', '南 北', '砖混结构', '其他', '一梯三户']"
"['盘龙', '昆明湖公园']",融城昆明湖,170,11334,"['4室2厅2卫', '高楼层 (共30层)', '150㎡', '平层', '板塔结合', '南 北', '钢混结构', '毛坯', '三梯四户', '有']"
"['盘龙', '司家营']",昆明恒大翡翠华庭,138,10066,"['3室2厅1卫', '低楼层 (共44层)', '137.1㎡', '平层', '塔楼', '东', '钢混结构', '精装', '四梯十户', '有']"
"['西山', '红星']",红星国际广场晶品,150,19029,"['2室1厅1卫', '中楼层 (共29层)', '78.83㎡', '平层', '板塔结合', '东南', '钢混结构', '精装', '三梯七户', '有']"
"['盘龙', '东白沙河']",美的顺城府,210,16536,"['3室2厅2卫', '中楼层 (共18层)', '127㎡', '平层', '板塔结合', '南 北', '钢混结构', '精装', '一梯两户']"
"['盘龙', '司家营']",俊发城芙蓉苑,120,13637,"['3室2厅1卫', '中楼层 (共43层)', '88㎡', '平层', '塔楼', '西', '钢混结构', '精装', '五梯十三户', '有']"
"['五华', '黑林铺']",万科金域国际,106,14134,"['2室1厅1卫', '低楼层 (共33层)', '75㎡', '平层', '塔楼', '东', '钢混结构', '精装', '四梯八户', '有']"
"['五华', '北教场']",实力壹方城,130,15134,"['2室2厅1卫', '高楼层 (共30层)', '85.9㎡', '平层', '板塔结合', '南', '钢混结构', '其他', '两梯三户', '有']"
"['西山', '度假区']",滇池卫城尚层,153,17607,"['4室1厅1卫', '中楼层 (共7层)', '86.9㎡', '平层', '板楼', '南', '钢混结构', '简装', '一梯两户', '有']"
"['西山', '度假区']",滇池卫城蓝湾,155,15898,"['2室2厅1卫', '中楼层 (共6层)', '97.5㎡', '平层', '板楼', '南', '钢混结构', '精装', '一梯两户']"
"['官渡', '新亚洲']",万科魅力之城,155,14623,"['3室1厅2卫', '中楼层 (共33层)', '106㎡', '平层', '塔楼', '南', '钢混结构', '精装', '四梯十户', '有']"
"['盘龙', '昆明湖公园']",融城昆明湖,168,13405,"['3室2厅2卫', '中楼层 (共33层)', '125.33㎡', '平层', '95.54㎡', '暂无数据', '南 北', '未知结构', '毛坯', '一梯三户']"
"['盘龙', '世博']",俊发盛唐城F区,158,13039,"['3室2厅2卫', '低楼层 (共34层)', '121.18㎡', '平层', '暂无数据', '东南', '框架结构', '其他', '三梯九户', '有']"
"['呈贡', '呈贡']",七彩云南第壹城,110,11341,"['2室1厅1卫', '低楼层 (共44层)', '97㎡', '平层', '塔楼', '东', '框架结构', '其他', '三梯六户', '有']"
"['官渡', '新亚洲']",万科魅力之城,95,13195,"['2室2厅1卫', '中楼层 (共34层)', '72㎡', '平层', '塔楼', '西', '钢混结构', '精装', '四梯十户', '有']"
"['官渡', '吴井']",南站小区,106,16659,"['2室2厅1卫', '中楼层 (共7层)', '63.63㎡', '平层', '暂无数据', '东 西', '未知结构', '精装', '一梯两户']"
"['五华', '高新']",中天花园,138,14082,"['3室1厅2卫', '高楼层 (共18层)', '98㎡', '平层', '板楼', '南', '钢混结构', '简装', '两梯四户', '有']"
"['官渡', '新螺蛳湾']",万科公园里,155,12841,"['3室2厅2卫', '高楼层 (共33层)', '120.71㎡', '平层', '塔楼', '南 北', '钢混结构', '精装', '两梯六户', '有']"
"['盘龙', '白云']",葡萄街区天宇花园,123,12867,"['3室2厅1卫', '低楼层 (共45层)', '95.6㎡', '平层', '塔楼', '西', '钢混结构', '其他', '三梯七户', '有']"
"['西山', '西山万达']",春晓花园,49,12565,"['1室1厅1卫', '中楼层 (共7层)', '39㎡', '暂无数据', '34㎡', '板楼', '西', '砖混结构', '简装', '一梯四户']"
"['官渡', '新螺蛳湾']",中豪悦城花园,150,10284,"['4室2厅2卫', '中楼层 (共23层)', '145.86㎡', '暂无数据', '板楼', '南', '钢混结构', '其他', '三梯四户', '有']"
"['五华', '昆八中']",月牙塘小区一组团,205,25625,"['3室2厅1卫', '高楼层 (共6层)', '80㎡', '暂无数据', '暂无数据', '南 北', '未知结构', '其他', '一梯两户']"
"['西山', '大商汇']",希望汇,140,15731,"['2室2厅1卫', '低楼层 (共40层)', '89㎡', '平层', '塔楼', '西南', '钢混结构', '其他', '两梯五户', '有']"
"['西山', '棕树营']",海伦堡中央广场,200,20409,"['3室2厅1卫', '低楼层 (共33层)', '98㎡', '暂无数据', '塔楼', '东南', '钢混结构', '其他', '四梯九户', '有']"
"['呈贡', '经开区']",思兰雅苑,170,9827,"['3室2厅2卫', '低楼层 (共12层)', '173㎡', '暂无数据', '塔楼', '东南', '钢混结构', '其他', '两梯五户', '有']"
"['官渡', '新亚洲']",星汇园,140,11786,"['3室2厅2卫', '高楼层 (共17层)', '118.79㎡', '暂无数据', '板塔结合', '东南', '钢混结构', '精装', '两梯三户', '有']"
"['呈贡', '经开区']",建工新城商业中心,76,6281,"['3室2厅2卫', '高楼层 (共12层)', '121㎡', '暂无数据', '塔楼', '东南', '钢混结构', '精装', '两梯六户', '有']"
"['官渡', '新螺蛳湾']",中豪悦城花园,155,10617,"['4室2厅2卫', '中楼层 (共23层)', '146㎡', '暂无数据', '板楼', '南', '钢混结构', '其他', '三梯四户', '有']"
"['官渡', '凉亭']",圣世一品,150,12904,"['3室2厅2卫', '中楼层 (共33层)', '116.25㎡', '暂无数据', '塔楼', '东南', '钢混结构', '其他', '三梯十户', '有']"
"['呈贡', '经开区']",春漫时光,72.8,8089,"['2室2厅1卫', '中楼层 (共17层)', '90㎡', '暂无数据', '塔楼', '南', '钢混结构', '精装', '一梯四户']"
"['五华', '顺城']",傲城,127,13756,"['2室1厅1卫', '中楼层 (共21层)', '92.33㎡', '平层', '板楼', '西南', '钢混结构', '其他', '三梯二十四户', '有']"
"['官渡', '新螺蛳湾']",中豪悦城花园,155,10601,"['4室2厅2卫', '中楼层 (共33层)', '146.22㎡', '暂无数据', '塔楼', '南', '钢混结构', '其他', '三梯六户', '有']"
"['官渡', '巫家坝']",蓝光水岸公园,210,16536,"['暂无数据', '中楼层 (共33层)', '127㎡', '暂无数据', '塔楼', '东南', '钢混结构', '其他', '四梯十四户', '有']"
"['盘龙', '白云']",金星小区,95,12598,"['2室2厅1卫', '高楼层 (共7层)', '75.41㎡', '暂无数据', '板楼', '南 北', '钢混结构', '精装', '一梯两户']"
"['盘龙', '白云']",星雅俊园,165,17896,"['2室2厅2卫', '高楼层 (共33层)', '92.2㎡', '平层', '塔楼', '东', '框架结构', '精装', '两梯六户', '有']"
"['盘龙', '金沙']",昆明监狱职工生活区,94,9898,"['3室2厅1卫', '高楼层 (共7层)', '94.97㎡', '暂无数据', '板楼', '南 北', '混合结构', '简装', '一梯一户']"
"['五华', '高新']",西城时代韶华苑,112,13659,"['2室1厅1卫', '高楼层 (共35层)', '82㎡', '平层', '板塔结合', '西南', '钢混结构', '其他', '十六梯十三户', '有']"
"['盘龙', '白云']",金洲湾,175,14958,"['3室2厅2卫', '中楼层 (共19层)', '117㎡', '暂无数据', '暂无数据', '东南', '未知结构', '其他', '一梯六户', '有']"
"['官渡', '新螺蛳湾']",彩云城澜湾俊园,159,13948,"['3室1厅1卫', '高楼层 (共31层)', '114㎡', '暂无数据', '板楼', '东 西', '钢混结构', '其他', '三梯五户', '有']"
"['盘龙', '世博']",溪麓南郡,144,12000,"['3室2厅2卫', '高楼层 (共33层)', '120㎡', '暂无数据', '塔楼', '南 北', '钢混结构', '其他', '两梯十二户', '有']"
"['五华', '翠湖']",长春花园,180,12283,"['1室1厅1卫', '中楼层 (共30层)', '146.55㎡', '暂无数据', '板楼', '东 西', '钢混结构', '其他', '四梯八户', '有']"
"['官渡', '新螺蛳湾']",中豪悦城花园,150,12304,"['3室2厅2卫', '高楼层 (共33层)', '121.92㎡', '暂无数据', '塔楼', '南 北', '钢混结构', '其他', '三梯六户', '有']"
"['西山', '大商汇']",华都花园A区,137,15119,"['3室2厅1卫', '高楼层 (共14层)', '90.62㎡', '暂无数据', '板楼', '南 北', '钢混结构', '精装', '一梯两户', '有']"
"['官渡', '国贸']",万兴花园,145,10468,"['4室2厅2卫', '高楼层 (共7层)', '138.52㎡', '暂无数据', '暂无数据', '南 北', '未知结构', '其他', '一梯两户']"
"['官渡', '世纪城']",海伦国际布拉格公寓,58,13072,"['2室1厅1卫', '中楼层 (共31层)', '44.37㎡', '暂无数据', '塔楼', '南', '框架结构', '其他', '一梯三户', '2.95元/m3']"
"['官渡', '世纪城']",海伦国际布拉格公寓,58,12742,"['2室1厅1卫', '中楼层 (共31层)', '45.52㎡', '暂无数据', '塔楼', '南', '框架结构', '其他', '一梯三户', '2.95元/m3']"
"['五华', '黑林铺']",戛纳小镇,45,10886,"['1室1厅1卫', '中楼层 (共11层)', '41.34㎡', '暂无数据', '板塔结合', '东', '钢混结构', '简装', '两梯二十户', '有']"
"['官渡', '新亚洲']",新亚洲体育城星泽园,58,12582,"['1室1厅1卫', '低楼层 (共18层)', '46.1㎡', '暂无数据', '板塔结合', '东南', '钢混结构', '其他', '三梯十四户', '有']"
"['呈贡', '呈贡']",七彩云南第壹城,125,13021,"['2室2厅1卫', '中楼层 (共44层)', '96㎡', '暂无数据', '塔楼', '东 东南', '钢混结构', '其他', '两梯四户', '有']"
"['官渡', '巫家坝']",万科大都会,180,16823,"['3室2厅1卫', '中楼层 (共29层)', '107㎡', '平层', '板楼', '东南', '钢混结构', '精装', '两梯六户', '有']"
"['五华', '顺城']",靖国大厦,265,26238,"['3室2厅2卫', '中楼层 (共24层)', '101㎡', '暂无数据', '板楼', '东南 南 东', '钢混结构', '简装', '两梯六户', '有']"
"['官渡', '昆船']",船舶小区A区,71,10709,"['2室2厅1卫', '中楼层 (共7层)', '66.3㎡', '暂无数据', '暂无数据', '南 北', '未知结构', '简装', '一梯两户']"
"['官渡', '新亚洲']",云岭星河庄园,150,16854,"['2室1厅1卫', '低楼层 (共8层)', '89㎡', '平层', '板楼', '东南 南', '钢混结构', '简装', '一梯两户', '有']"
"['呈贡', '呈贡']",时代俊园,160,11112,"['4室2厅2卫', '中楼层 (共14层)', '144㎡', '暂无数据', '板楼', '南 北', '框架结构', '毛坯', '一梯两户']"
"['西山', '南亚']",盛高大城,84,16800,"['1室1厅1卫', '高楼层 (共30层)', '50㎡', '暂无数据', '板塔结合', '东南', '钢混结构', '精装', '两梯六户', '有']"
"['盘龙', '白云']",世纪俊园,100,15734,"['2室1厅1卫', '高楼层 (共15层)', '63.56㎡', '暂无数据', '塔楼', '东北', '钢混结构', '其他', '两梯十户', '有']"
"['西山', '书林']",安康路53号,59,11347,"['2室2厅1卫', '高楼层 (共7层)', '52㎡', '平层', '暂无数据', '北', '未知结构', '其他', '一梯两户']"
"['西山', '南亚']",润城,110,14667,"['2室2厅1卫', '中楼层 (共31层)', '75㎡', '暂无数据', '塔楼', '东南', '钢混结构', '简装', '两梯七户', '有']"
"['盘龙', '白云']",滨江俊园,175,19663,"['2室2厅2卫', '中楼层 (共33层)', '89㎡', '暂无数据', '塔楼', '东', '钢混结构', '其他', '三梯八户', '有']"
"['盘龙', '北辰']",金实小区情实园,48,15000,"['1室1厅1卫', '高楼层 (共7层)', '32㎡', '暂无数据', '板楼', '南 北', '混合结构', '其他', '一梯六户']"
"['官渡', '经开区']",东泰花园二区,368,15565,"['5室2厅2卫', '低楼层 (共2层)', '236.43㎡', '南', '钢混结构', '毛坯', '暂无数据']"
"['西山', '大商汇']",佳湖新城,23,6053,"['低楼层 (共1层)', '38㎡', '南']"
"['官渡', '巫家坝']",怡园小区,75,12500,"['2室2厅1卫', '高楼层 (共7层)', '60㎡', '暂无数据', '板楼', '南 北', '混合结构', '其他', '一梯两户']"
"['盘龙', '司家营']",龙江雅苑,70,14000,"['1室1厅1卫', '低楼层 (共32层)', '50㎡', '暂无数据', '塔楼', '东', '钢混结构', '其他', '两梯六户', '有']"
"['盘龙', '北辰']",华夏园,160,18605,"['4室2厅3卫', '高楼层 (共15层)', '86㎡', '暂无数据', '板楼', '南', '钢混结构', '其他', '两梯九户', '有']"
"['盘龙', '司家营']",丽水雅苑,53,17667,"['1室0厅1卫', '高楼层 (共18层)', '30㎡', '平层', '板塔结合', '南', '钢混结构', '精装', '两梯十七户', '有']"
"['官渡', '新亚洲']",河畔俊园,96,12172,"['2室1厅1卫', '低楼层 (共20层)', '78.87㎡', '暂无数据', '板塔结合', '东南', '钢混结构', '其他', '三梯十户', '有']"
"['官渡', '空港']",长水航城,172,6874,"['5室3厅3卫', '低楼层 (共5层)', '250.22㎡', '暂无数据', '板塔结合', '东南 西南', '钢混结构', '其他', '一梯两户']"
"['盘龙', '北辰']",金实小区华秋园,190,14961,"['3室2厅2卫', '高楼层 (共7层)', '127㎡', '暂无数据', '板楼', '东 南 西', '砖混结构', '精装', '一梯两户']"
"['盘龙', '司家营']",俊发城紫薇苑,110,11579,"['3室1厅1卫', '中楼层 (共44层)', '95㎡', '平层', '塔楼', '东 北', '钢混结构', '其他', '二十梯十二户', '有']"
"['五华', '红云']",华龙人家,35,8537,"['1室0厅1卫', '低楼层 (共18层)', '41㎡', '平层', '板楼', '西', '钢混结构', '其他', '两梯三十户', '有']"
"['五华', '泛亚']",轻机厂生活区,45,8654,"['2室1厅1卫', '高楼层 (共6层)', '52㎡', '暂无数据', '暂无数据', '东南', '未知结构', '简装', '一梯两户']"
"['官渡', '滇池半岛']",昆明恒大玖珑湾,170,13493,"['3室2厅2卫', '低楼层 (共25层)', '126㎡', '暂无数据', '板楼', '南', '钢混结构', '精装', '两梯四户', '有']"
"['晋宁', '晋宁']",七彩云南古滇名城,180,19355,"['2室2厅2卫', '高楼层 (共11层)', '93㎡', '暂无数据', '平房', '南 北', '砖混结构', '其他', '一梯一户', '有']"
"['官渡', '昆船']",小喜村104号陶瓷厂宿舍,52,9812,"['2室1厅1卫', '中楼层 (共6层)', '53㎡', '暂无数据', '板楼', '南 北', '框架结构', '其他', '一梯四户']"
"['西山', '南亚']",昆明恒大云报华府,240,19513,"['3室2厅2卫', '中楼层 (共30层)', '123㎡', '暂无数据', '板塔结合', '东南', '钢混结构', '精装', '两梯六户', '有']"
"['官渡', '滇池半岛']",昆明恒大玖珑湾,145,14216,"['3室2厅1卫', '中楼层 (共26层)', '102㎡', '暂无数据', '板塔结合', '东南 南', '钢混结构', '其他', '两梯一户', '有']"
"['盘龙', '新迎']",博欣盛世,65,15117,"['1室1厅1卫', '高楼层 (共24层)', '43㎡', '暂无数据', '塔楼', '东南', '钢混结构', '其他', '三梯八户', '有']"
"['盘龙', '红云']",银河北庭,170,10465,"['5室2厅2卫', '低楼层 (共33层)', '162.45㎡', '平层', '129.98㎡', '板楼', '南', '钢混结构', '精装', '三梯九户', '有']"
"['五华', '红云']",天骄北麓,82.9,11278,"['2室2厅1卫', '低楼层 (共34层)', '73.51㎡', '平层', '塔楼', '东南', '钢混结构', '简装', '两梯十户', '有']"
"['五华', '泛亚']",昆明新城吾悦广场,170,13028,"['4室2厅2卫', '低楼层 (共33层)', '130.49㎡', '平层', '板楼', '北 南 西', '钢混结构', '其他', '两梯四户', '有']"
"['五华', '虹山']",学府人家,140,15731,"['3室1厅1卫', '中楼层 (共7层)', '89㎡', '平层', '暂无数据', '东南', '钢混结构', '其他', '一梯两户']"
"['西山', '大商汇']",新希望观澜汇,240,17199,"['4室2厅2卫', '中楼层 (共42层)', '139.55㎡', '平层', '塔楼', '西南 西北', '钢混结构', '其他', '两梯五户', '有']"
"['官渡', '新亚洲']",奥宸橙郡二期,58,10224,"['1室1厅1卫', '高楼层 (共13层)', '56.73㎡', '平层', '塔楼', '东南', '钢混结构', '精装', '两梯六户', '有']"
"['官渡', '滇池半岛']",艺术家园区C区,150,14309,"['3室2厅2卫', '中楼层 (共8层)', '104.83㎡', '平层', '板楼', '西南', '钢混结构', '精装', '一梯两户', '有']"
"['盘龙', '金沙']",金沙小区,80,9796,"['3室2厅1卫', '高楼层 (共7层)', '81.67㎡', '平层', '板楼', '南 北', '框架结构', '简装', '一梯两户', '有']"
"['盘龙', '金沙']",金沙小区,62,11273,"['2室1厅1卫', '中楼层 (共7层)', '55㎡', '平层', '板楼', '东', '混合结构', '精装', '一梯两户']"
"['官渡', '昆明站']",银苑小区,130,12265,"['3室2厅1卫', '中楼层 (共7层)', '106㎡', '平层', '板楼', '南 北', '钢混结构', '精装', '一梯两户']"
"['呈贡', '经开区']",建工新城商业中心,90,7500,"['4室1厅2卫', '中楼层 (共7层)', '120㎡', '平层', '板塔结合', '东南', '框架结构', '其他', '一梯两户', '有']"
"['五华', '北教场']",实力壹方城,207,16878,"['3室2厅2卫', '低楼层 (共30层)', '122.65㎡', '平层', '板塔结合', '东南', '钢混结构', '精装', '两梯三户', '有']"
"['西山', '西山万达']",金地九樾,248,19375,"['3室2厅2卫', '中楼层 (共34层)', '128㎡', '平层', '板塔结合', '东南', '框架结构', '其他', '两梯四户', '有']"
"['晋宁', '晋宁']",招商依云郡,62,6200,"['3室2厅1卫', '高楼层 (共29层)', '100㎡', '平层', '暂无数据', '南 北', '未知结构', '其他', '一梯一户']"
"['盘龙', '司家营']",俊发城百合苑,168,14000,"['3室2厅2卫', '中楼层 (共45层)', '120㎡', '平层', '板塔结合', '西北', '钢混结构', '精装', '五梯十三户', '有']"
"['安宁', '太平新城']",云岭盛世佳园,73,5888,"['3室2厅2卫', '低楼层 (共26层)', '124㎡', '平层', '板塔结合', '东南', '钢混结构', '精装', '两梯三户', '有']"
"['官渡', '世纪城']",海伦国际米兰区,185,14571,"['3室2厅2卫', '高楼层 (共40层)', '126.97㎡', '平层', '101.63㎡', '塔楼', '南 北', '钢混结构', '精装', '两梯六户', '有']"
"['官渡', '滇池半岛']",北大资源颐和1898,184,15419,"['4室2厅2卫', '低楼层 (共20层)', '119.34㎡', '平层', '板楼', '南 北', '钢混结构', '毛坯', '两梯四户', '有']"
"['呈贡', '呈贡']",天润康园,125,8456,"['4室2厅2卫', '低楼层 (共24层)', '147.83㎡', '平层', '板楼', '南 北', '钢混结构', '毛坯', '两梯三户', '有']"
"['西山', '西山万达']",润城九重锦,255,18018,"['4室2厅2卫', '高楼层 (共33层)', '141.53㎡', '平层', '塔楼', '西南', '钢混结构', '精装', '两梯三户', '有']"
"['呈贡', '经开区']",春漫时光,100,8334,"['3室1厅1卫', '低楼层 (共26层)', '120㎡', '平层', '塔楼', '东南', '钢混结构', '其他', '两梯四户', '有']"
"['官渡', '空港']",长水航城,78,7518,"['3室2厅2卫', '高楼层 (共11层)', '103.76㎡', '平层', '87.82㎡', '板塔结合', '北 南', '钢混结构', '精装', '一梯六户']"
"['呈贡', '经开区']",东旭御山湖,100,9058,"['3室1厅2卫', '高楼层 (共8层)', '110.4㎡', '平层', '板楼', '南', '钢混结构', '毛坯', '一梯两户']"
"['官渡', '新亚洲']",万科魅力之城,135,15019,"['3室2厅1卫', '低楼层 (共33层)', '89.89㎡', '平层', '塔楼', '东南', '钢混结构', '精装', '四梯十户', '有']"
"['五华', '虹山']",云安尚品,66,13750,"['1室1厅1卫', '中楼层 (共16层)', '48㎡', '平层', '塔楼', '东北', '框架结构', '其他', '三梯十一户', '有']"
"['西山', '白马']",春苑小区,63,11896,"['2室1厅1卫', '高楼层 (共7层)', '52.96㎡', '平层', '板楼', '南', '砖混结构', '其他', '一梯三户']"
"['官渡', '世纪城']",樱花语幸福里,145,16478,"['2室2厅1卫', '低楼层 (共12层)', '88㎡', '平层', '板塔结合', '东南', '钢混结构', '精装', '两梯四户', '有']"
"['官渡', '方旺']",中南碧桂园樾府,162,12898,"['4室2厅2卫', '低楼层 (共34层)', '125.61㎡', '平层', '板楼', '南 西', '钢混结构', '精装', '一梯四户']"
"['安宁', '太平新城']",万辉星城蓝山郡,75,8523,"['2室2厅1卫', '低楼层 (共18层)', '88㎡', '平层', '板塔结合', '南 北', '钢混结构', '精装', '两梯四户', '有']"
"['官渡', '滇池半岛']",招商海公馆,198,15115,"['3室2厅2卫', '低楼层 (共11层)', '131㎡', '平层', '板楼', '东南', '钢混结构', '精装', '一梯两户', '有']"
"['五华', '高新']",桂鑫园,180,13094,"['4室2厅2卫', '高楼层 (共17层)', '137.47㎡', '平层', '板楼', '南 北', '框架结构', '精装', '一梯三户', '有']"
"['西山', '南亚']",南华小区嘉华苑,145,18251,"['3室1厅1卫', '低楼层 (共7层)', '79.45㎡', '错层', '板楼', '南 北', '混合结构', '精装', '一梯两户']"
"['西山', '西山万达']",润城第三大道,194.5,15315,"['3室2厅2卫', '中楼层 (共34层)', '127㎡', '平层', '塔楼', '西南', '钢混结构', '精装', '两梯七户', '有']"
"['官渡', '经开区']",云大知城牛津花园,93,11427,"['2室2厅1卫', '高楼层 (共15层)', '81.39㎡', '平层', '板楼', '西南', '钢混结构', '精装', '两梯四户', '有']"
"['西山', '南亚']",五华金盾小区,120,16439,"['3室2厅1卫', '低楼层 (共7层)', '73㎡', '平层', '板楼', '东南', '混合结构', '精装', '一梯两户']"
"['西山', '南亚']",怡康温泉新村,96,12564,"['2室2厅1卫', '低楼层 (共7层)', '76.41㎡', '平层', '板楼', '南', '混合结构', '精装', '一梯两户']"
"['五华', '泛亚']",保利大家,125,14166,"['3室2厅2卫', '中楼层 (共33层)', '88.24㎡', '平层', '板楼', '西', '钢混结构', '精装', '两梯四户', '有']"
"['盘龙', '司家营']",俊发城百合苑,103,13075,"['2室1厅1卫', '高楼层 (共44层)', '78.78㎡', '平层', '板塔结合', '东', '钢混结构', '精装', '五梯十三户', '有']"
"['盘龙', '白云']",托福园东小区,58,10725,"['2室1厅1卫', '高楼层 (共7层)', '54.08㎡', '平层', '板楼', '东南', '砖混结构', '其他', '一梯四户']"
"['官渡', '新亚洲']",星汇园,185,11460,"['4室2厅2卫', '高楼层 (共12层)', '161.44㎡', '平层', '板楼', '南', '钢混结构', '精装', '两梯两户', '有']"
"['官渡', '新螺蛳湾']",万科公园里,153,12676,"['3室1厅2卫', '高楼层 (共33层)', '120.71㎡', '平层', '塔楼', '东南', '钢混结构', '精装', '两梯六户', '有']"
"['官渡', '昆船']",昆明牛街庄住宅小区三组团,75,13291,"['2室2厅1卫', '中楼层 (共6层)', '56.43㎡', '平层', '暂无数据', '南 北', '未知结构', '其他', '一梯两户']"
"['五华', '红云']",中海锦苑,145,13618,"['3室2厅2卫', '低楼层 (共44层)', '106.48㎡', '平层', '83.7㎡', '塔楼', '西南', '钢混结构', '精装', '三梯六户', '有']"
"['五华', '黑林铺']",万科金域国际,150,15464,"['3室2厅1卫', '高楼层 (共34层)', '97㎡', '平层', '塔楼', '东南', '钢混结构', '精装', '四梯十户', '有']"
"['五华', '黑林铺']",万科金域国际,136,15455,"['3室2厅1卫', '中楼层 (共33层)', '88㎡', '平层', '塔楼', '东 东南', '钢混结构', '精装', '三梯九户', '有']"
"['五华', '高新']",西城时代菁雅苑,115,14936,"['2室1厅1卫', '中楼层 (共33层)', '77㎡', '平层', '塔楼', '东', '钢混结构', '精装', '三梯八户', '有']"
"['五华', '高新']",西城时代菁雅苑,170,13959,"['3室1厅2卫', '高楼层 (共34层)', '121.79㎡', '平层', '塔楼', '东南', '钢混结构', '精装', '两梯八户', '有']"
"['官渡', '新亚洲']",万科魅力之城,150,13275,"['3室1厅2卫', '高楼层 (共29层)', '113㎡', '平层', '塔楼', '西南', '钢混结构', '精装', '三梯九户', '有']"
"['官渡', '世纪城']",海伦国际里约区,135,13236,"['3室1厅1卫', '中楼层 (共40层)', '102㎡', '平层', '塔楼', '东南', '钢混结构', '精装', '三梯八户', '有']"
"['西山', '南亚']",润城,138,15454,"['3室1厅1卫', '高楼层 (共30层)', '89.3㎡', '平层', '塔楼', '西', '钢混结构', '精装', '三梯七户', '有']"
"['五华', '红云']",天骄北麓,105,10097,"['3室1厅2卫', '中楼层 (共34层)', '104㎡', '平层', '塔楼', '东 北', '钢混结构', '其他', '两梯九户', '有']"
"['盘龙', '司家营']",金领时代,197,13356,"['4室2厅2卫', '高楼层 (共40层)', '147.5㎡', '平层', '塔楼', '东南 南', '钢混结构', '精装', '三梯五户', '有']"
"['五华', '高新']",鼎易天城,118,14391,"['2室2厅1卫', '中楼层 (共33层)', '82㎡', '平层', '板塔结合', '西', '钢混结构', '其他', '两梯七户', '有']"
"['五华', '高新']",西城时代韶华苑,72,12287,"['1室2厅1卫', '高楼层 (共34层)', '58.6㎡', '平层', '板塔结合', '东', '钢混结构', '其他', '三梯十一户', '有']"
"['五华', '高新']",西城时代,78,12071,"['2室1厅1卫', '高楼层 (共29层)', '64.62㎡', '平层', '塔楼', '南', '钢混结构', '精装', '四梯十三户', '有']"
"['呈贡', '呈贡']",东盟森林,86,9078,"['3室2厅1卫', '低楼层 (共17层)', '94.74㎡', '平层', '板楼', '南 北', '钢混结构', '其他', '两梯四户', '有']"
"['盘龙', '红云']",银河北庭,160,12500,"['4室1厅2卫', '低楼层 (共33层)', '128㎡', '平层', '板塔结合', '东', '钢混结构', '精装', '两梯八户', '有']"
"['五华', '虹山']",景秀山庄,120,12879,"['3室2厅1卫', '低楼层 (共7层)', '93.18㎡', '平层', '暂无数据', '南 北', '未知结构', '精装', '一梯两户']"
"['官渡', '巫家坝']",绿地巫家坝壹号,247.8,21000,"['3室2厅2卫', '高楼层 (共32层)', '118㎡', '平层', '板楼', '南 北', '钢混结构', '其他', '一梯四户']"
"['西山', '南亚']",法苑小区东区,190,12838,"['4室2厅2卫', '高楼层 (共7层)', '148㎡', '平层', '板楼', '南 北', '钢混结构', '精装', '一梯两户']"
"['官渡', '国贸']",银海温泉花园,130,11305,"['4室2厅2卫', '中楼层 (共7层)', '115㎡', '平层', '暂无数据', '南 北', '混合结构', '简装', '一梯两户']"
"['安宁', '太平新城']",万辉星城蓝山郡,95,6986,"['4室1厅1卫', '中楼层 (共18层)', '136㎡', '平层', '板楼', '南', '钢混结构', '简装', '两梯两户', '有']"
"['盘龙', '新迎']",昆明理工大学新迎校区教工宿舍,163,18930,"['3室2厅1卫', '低楼层 (共1层)', '86.11㎡', '平层', '77.1㎡', '暂无数据', '东 东南 南', '未知结构', '其他', '一梯一户']"
"['五华', '翠湖']",青年路45号,69.8,15668,"['3室1厅1卫', '中楼层 (共7层)', '44.55㎡', '平层', '板楼', '东南', '框架结构', '简装', '一梯四户']"
"['西山', '大商汇']",水岸艺城,150,14564,"['3室2厅2卫', '中楼层 (共6层)', '103㎡', '平层', '板楼', '南 北', '未知结构', '其他', '一梯两户']"
"['官渡', '凉亭']",米兰春天,166,12969,"['3室2厅2卫', '中楼层 (共32层)', '128㎡', '平层', '板塔结合', '东南', '钢混结构', '精装', '三梯九户', '有']"
"['盘龙', '司家营']",俊发城芙蓉苑,330,19643,"['4室2厅2卫', '低楼层 (共33层)', '168㎡', '平层', '板楼', '南 北', '钢混结构', '其他', '两梯两户', '有']"
"['西山', '大商汇']",恒泰理想城,129,14748,"['2室2厅1卫', '高楼层 (共33层)', '87.47㎡', '平层', '87.47㎡', '板楼', '东南', '钢混结构', '毛坯', '三梯八户', '有']"
"['五华', '泛亚']",中晟溪城,75,11890,"['2室2厅1卫', '中楼层 (共18层)', '63.08㎡', '平层', '板塔结合', '西北', '钢混结构', '其他', '两梯八户', '有']"
"['五华', '虹山']",云南政法干部学校教工宿舍,182,15129,"['4室2厅1卫', '低楼层 (共7层)', '120.3㎡', '平层', '板楼', '西南', '混合结构', '简装', '一梯两户']"
"['盘龙', '金沙']",金沙小区,72,10028,"['2室2厅1卫', '高楼层 (共7层)', '71.8㎡', '平层', '板楼', '南', '砖混结构', '精装', '一梯两户']"
"['官渡', '新螺蛳湾']",万科公园里,114.5,13059,"['3室2厅1卫', '高楼层 (共34层)', '87.68㎡', '平层', '塔楼', '东', '钢混结构', '精装', '三梯六户', '有']"
"['五华', '黑林铺']",正大紫都城,115,14008,"['3室2厅1卫', '高楼层 (共31层)', '82.1㎡', '平层', '66.9㎡', '塔楼', '东南', '钢混结构', '精装', '两梯八户', '有']"
"['盘龙', '白云']",金星小区,130,10925,"['4室2厅2卫', '高楼层 (共6层)', '119㎡', '平层', '板楼', '东南', '钢混结构', '简装', '一梯两户']"
"['呈贡', '经开区']",兴景逸园,106,12046,"['3室1厅1卫', '低楼层 (共33层)', '88㎡', '平层', '塔楼', '南', '钢混结构', '其他', '两梯四户', '有']"
"['官渡', '吴井']",南站新村小区6号院,142,16480,"['4室1厅1卫', '高楼层 (共6层)', '86.17㎡', '平层', '暂无数据', '南', '未知结构', '其他', '一梯两户']"
"['五华', '昆八中']",盘江花园,123,11285,"['3室2厅2卫', '高楼层 (共9层)', '109㎡', '平层', '板楼', '东南', '框架结构', '精装', '一梯一户']"
"['盘龙', '世博']",美术小区,69,10988,"['2室1厅1卫', '中楼层 (共20层)', '62.8㎡', '平层', '塔楼', '东', '钢混结构', '毛坯', '两梯八户', '有']"
"['官渡', '世纪城']",海伦国际泰晤士区,239,15007,"['4室1厅2卫', '低楼层 (共32层)', '159.26㎡', '平层', '板楼', '东', '钢混结构', '精装', '三梯六户', '有']"
"['官渡', '新亚洲']",万科魅力之城,115,12922,"['3室1厅1卫', '低楼层 (共34层)', '89㎡', '平层', '塔楼', '东北', '钢混结构', '精装', '四梯十户', '有']"
"['官渡', '新亚洲']",新亚洲体育城星辰园,100,12049,"['2室2厅1卫', '低楼层 (共34层)', '83㎡', '平层', '板塔结合', '东南', '钢混结构', '其他', '两梯六户', '有']"
"['呈贡', '经开区']",东旭御山湖,105,8975,"['4室1厅2卫', '中楼层 (共8层)', '117㎡', '平层', '板楼', '东南', '钢混结构', '毛坯', '一梯两户', '有']"
"['盘龙', '红云']",云南农大教工住宅小区,160,13061,"['3室2厅2卫', '高楼层 (共7层)', '122.51㎡', '平层', '122.51㎡', '板楼', '南 北', '框架结构', '精装', '一梯两户']"
"['官渡', '滇池半岛']",万科500里,350,24476,"['4室2厅2卫', '中楼层 (共27层)', '143㎡', '平层', '板楼', '西南', '钢混结构', '简装', '两梯四户', '有']"
"['西山', '棕树营']",棕树营小区丹宁里,81.8,14758,"['3室1厅1卫', '低楼层 (共7层)', '55.43㎡', '平层', '板楼', '东 西', '砖混结构', '其他', '一梯三户']"
"['盘龙', '司家营']",俊发城茉莉苑,320,18182,"['5室2厅3卫', '中楼层 (共44层)', '176㎡', '平层', '塔楼', '南', '钢混结构', '精装', '三梯七户', '有']"
"['西山', '西苑']",兴隆小区,110,10520,"['3室2厅1卫', '高楼层 (共7层)', '104.57㎡', '平层', '板楼', '南 北', '框架结构', '其他', '一梯两户']"
"['官渡', '方旺']",中南碧桂园樾府,200,14019,"['4室2厅2卫', '高楼层 (共34层)', '142.67㎡', '平层', '板楼', '西南', '钢混结构', '精装', '一梯两户']"
"['西山', '西山万达']",润城第五大道,250,16972,"['4室2厅2卫', '中楼层 (共33层)', '147.31㎡', '平层', '塔楼', '东南', '钢混结构', '毛坯', '一梯六户']"
"['五华', '黑林铺']",万科金域国际,132,13609,"['3室2厅1卫', '高楼层 (共34层)', '97㎡', '平层', '塔楼', '东', '钢混结构', '精装', '四梯十户', '有']"
"['官渡', '新亚洲']",新亚洲体育城星体花园北区,165,10232,"['4室2厅2卫', '高楼层 (共17层)', '161.27㎡', '平层', '150㎡', '板楼', '东南', '钢混结构', '精装', '两梯三户', '有']"
